{
  "model": "xgboost",
  "test_accuracy": 0.6758638776245127,
  "classification_report": {
    "fist": {
      "precision": 0.671527388296878,
      "recall": 0.6125720522528053,
      "f1-score": 0.6406963470319634,
      "support": 87957.0
    },
    "noGesture": {
      "precision": 0.9637747192274465,
      "recall": 0.9753053892215569,
      "f1-score": 0.9695057708676837,
      "support": 83500.0
    },
    "open": {
      "precision": 0.525282540314058,
      "recall": 0.5433256172839506,
      "f1-score": 0.5341517532602993,
      "support": 77760.0
    },
    "pinch": {
      "precision": 0.5640915943446196,
      "recall": 0.640000924556213,
      "f1-score": 0.5996534921494315,
      "support": 86528.0
    },
    "waveIn": {
      "precision": 0.6941626965831669,
      "recall": 0.6377048601715355,
      "f1-score": 0.6647371551560267,
      "support": 84997.0
    },
    "waveOut": {
      "precision": 0.6498978007617473,
      "recall": 0.645006096885046,
      "f1-score": 0.6474427092316166,
      "support": 90210.0
    },
    "accuracy": 0.6758638776245127,
    "macro avg": {
      "precision": 0.6781227899213192,
      "recall": 0.6756524900618511,
      "f1-score": 0.6760312046161703,
      "support": 510952.0
    },
    "weighted avg": {
      "precision": 0.6787828185160041,
      "recall": 0.6758638776245127,
      "f1-score": 0.6764556923980136,
      "support": 510952.0
    }
  },
  "test_samples": 510952,
  "elapsed_s": 6.7,
  "timestamp": "2026-02-22 20:54:11"
}