Model A,Model B,p_raw,p_adj_bonferroni,Significant,Median A (ms),Median B (ms),Faster Model,Δ Median (ms)
TDCNN,KNN,5.855952942750112e-165,3.513571765650067e-164,***,2.455450000525161,14.597100000628416,TDCNN,12.141650000103255
TDCNN,XGBoost,5.8559134023905755e-165,3.513548041434345e-164,***,2.455450000525161,7.02194999985295,TDCNN,4.566499999327789
TDCNN,SVM,2.429397521507147e-104,1.4576385129042882e-103,***,2.455450000525161,1.421400000253925,SVM,1.034050000271236
KNN,XGBoost,5.8560979263397435e-165,3.513658755803846e-164,***,14.597100000628416,7.02194999985295,XGBoost,7.575150000775466
KNN,SVM,5.856084745866025e-165,3.513650847519615e-164,***,14.597100000628416,1.421400000253925,SVM,13.17570000037449
XGBoost,SVM,2.6826796164274343e-158,1.6096077698564607e-157,***,7.02194999985295,1.421400000253925,SVM,5.600549999599025
