{
  "timestamp": "2026-02-24 22:53:56",
  "data_sources": {
    "TDCNN": "C:\\Users\\aless\\Documents\\EMG-EPN612 project\\preprocessed_output\\dataset_TESTING.npz",
    "18f_models": "C:\\Users\\aless\\Documents\\EMG-EPN612 project\\preprocessed_output\\dataset_TESTING_reduced18.parquet"
  },
  "models": {
    "TDCNN": {
      "model": "TDCNN",
      "test_samples": 510952,
      "accuracy": 0.7328359611078927,
      "classification_report": {
        "fist": {
          "precision": 0.7264257685548521,
          "recall": 0.6861307229669042,
          "f1-score": 0.7057035109772853,
          "support": 87957.0
        },
        "noGesture": {
          "precision": 0.9131939019218321,
          "recall": 0.9799281437125749,
          "f1-score": 0.94538480202424,
          "support": 83500.0
        },
        "open": {
          "precision": 0.6011203608185591,
          "recall": 0.644457304526749,
          "f1-score": 0.6220349291858546,
          "support": 77760.0
        },
        "pinch": {
          "precision": 0.6878791400348635,
          "recall": 0.6840791420118343,
          "f1-score": 0.6859738784781374,
          "support": 86528.0
        },
        "waveIn": {
          "precision": 0.7134821245937407,
          "recall": 0.7386731296398696,
          "f1-score": 0.7258591288765571,
          "support": 84997.0
        },
        "waveOut": {
          "precision": 0.7442677286106508,
          "recall": 0.6671100764881942,
          "f1-score": 0.7035798629784648,
          "support": 90210.0
        },
        "accuracy": 0.7328359611078927,
        "macro avg": {
          "precision": 0.731061504089083,
          "recall": 0.7333964198910211,
          "f1-score": 0.7314226854200899,
          "support": 510952.0
        },
        "weighted avg": {
          "precision": 0.7323468340734568,
          "recall": 0.7328359611078927,
          "f1-score": 0.7317759131012491,
          "support": 510952.0
        }
      },
      "class_names": [
        "fist",
        "noGesture",
        "open",
        "pinch",
        "waveIn",
        "waveOut"
      ]
    },
    "KNN": {
      "model": "KNN",
      "test_samples": 510952,
      "accuracy": 0.6243169612801203,
      "classification_report": {
        "fist": {
          "precision": 0.5570333231940758,
          "recall": 0.6037836670191116,
          "f1-score": 0.579467091480447,
          "support": 87957.0
        },
        "noGesture": {
          "precision": 0.9578247995955803,
          "recall": 0.9530299401197605,
          "f1-score": 0.9554213540478563,
          "support": 83500.0
        },
        "open": {
          "precision": 0.4649132610612326,
          "recall": 0.48146862139917695,
          "f1-score": 0.4730461371289224,
          "support": 77760.0
        },
        "pinch": {
          "precision": 0.5175291972387445,
          "recall": 0.5510470599112426,
          "f1-score": 0.5337624538229039,
          "support": 86528.0
        },
        "waveIn": {
          "precision": 0.6392258166035064,
          "recall": 0.5735261244514512,
          "f1-score": 0.6045963611107666,
          "support": 84997.0
        },
        "waveOut": {
          "precision": 0.6272410864859046,
          "recall": 0.5813435317592285,
          "f1-score": 0.6034207997974905,
          "support": 90210.0
        },
        "accuracy": 0.6243169612801203,
        "macro avg": {
          "precision": 0.6272945806965073,
          "recall": 0.6240331574433285,
          "f1-score": 0.6249523662313977,
          "support": 510952.0
        },
        "weighted avg": {
          "precision": 0.6278896402772658,
          "recall": 0.6243169612801203,
          "f1-score": 0.6253792969025239,
          "support": 510952.0
        }
      },
      "class_names": [
        "fist",
        "noGesture",
        "open",
        "pinch",
        "waveIn",
        "waveOut"
      ]
    },
    "XGBoost": {
      "model": "XGBoost",
      "test_samples": 510952,
      "accuracy": 0.6692781318010302,
      "classification_report": {
        "fist": {
          "precision": 0.665698363026593,
          "recall": 0.607057994247189,
          "f1-score": 0.6350272944590464,
          "support": 87957.0
        },
        "noGesture": {
          "precision": 0.955286408051021,
          "recall": 0.9776526946107784,
          "f1-score": 0.9663401497440147,
          "support": 83500.0
        },
        "open": {
          "precision": 0.5233332913481037,
          "recall": 0.5343235596707819,
          "f1-score": 0.5287713247599473,
          "support": 77760.0
        },
        "pinch": {
          "precision": 0.5507610640821989,
          "recall": 0.6331129807692307,
          "f1-score": 0.5890727657881437,
          "support": 86528.0
        },
        "waveIn": {
          "precision": 0.6849982460926842,
          "recall": 0.6203160111533348,
          "f1-score": 0.6510545292897363,
          "support": 84997.0
        },
        "waveOut": {
          "precision": 0.6470522479822933,
          "recall": 0.641658352732513,
          "f1-score": 0.6443440122893337,
          "support": 90210.0
        },
        "accuracy": 0.6692781318010302,
        "macro avg": {
          "precision": 0.671188270097149,
          "recall": 0.669020265530638,
          "f1-score": 0.6691016793883704,
          "support": 510952.0
        },
        "weighted avg": {
          "precision": 0.6718111980983458,
          "recall": 0.6692781318010302,
          "f1-score": 0.6695286443902169,
          "support": 510952.0
        }
      },
      "class_names": [
        "fist",
        "noGesture",
        "open",
        "pinch",
        "waveIn",
        "waveOut"
      ]
    },
    "SVM": {
      "model": "SVM",
      "test_samples": 510952,
      "accuracy": 0.6695599586653932,
      "classification_report": {
        "fist": {
          "precision": 0.6646637911690643,
          "recall": 0.6061825664813488,
          "f1-score": 0.6340775977404489,
          "support": 87957.0
        },
        "noGesture": {
          "precision": 0.9512860843819393,
          "recall": 0.9850538922155688,
          "f1-score": 0.9678755501164953,
          "support": 83500.0
        },
        "open": {
          "precision": 0.5278771247610253,
          "recall": 0.5219778806584362,
          "f1-score": 0.5249109284776691,
          "support": 77760.0
        },
        "pinch": {
          "precision": 0.5536185041159537,
          "recall": 0.6334481323964497,
          "f1-score": 0.5908490672818313,
          "support": 86528.0
        },
        "waveIn": {
          "precision": 0.6833699081949332,
          "recall": 0.6191630292833865,
          "f1-score": 0.6496839662238901,
          "support": 84997.0
        },
        "waveOut": {
          "precision": 0.640478092882239,
          "recall": 0.6486642279126482,
          "f1-score": 0.6445451691606131,
          "support": 90210.0
        },
        "accuracy": 0.6695599586653932,
        "macro avg": {
          "precision": 0.670215584250859,
          "recall": 0.6690816214913063,
          "f1-score": 0.668657046500158,
          "support": 510952.0
        },
        "weighted avg": {
          "precision": 0.6707232168913388,
          "recall": 0.6695599586653932,
          "f1-score": 0.6691369079257558,
          "support": 510952.0
        }
      },
      "class_names": [
        "fist",
        "noGesture",
        "open",
        "pinch",
        "waveIn",
        "waveOut"
      ]
    }
  },