{
  "script": "svm_val",
  "n_features": 18,
  "winner_params": {
    "D": 10000,
    "gamma": 0.1,
    "C": 10.0,
    "lr": 0.001
  },
  "test_accuracy": 0.6695599586653932,
  "classification_report": {
    "fist": {
      "precision": 0.6646637911690643,
      "recall": 0.6061825664813488,
      "f1-score": 0.6340775977404489,
      "support": 87957.0
    },
    "noGesture": {
      "precision": 0.9512860843819393,
      "recall": 0.9850538922155688,
      "f1-score": 0.9678755501164953,
      "support": 83500.0
    },
    "open": {
      "precision": 0.5278771247610253,
      "recall": 0.5219778806584362,
      "f1-score": 0.5249109284776691,
      "support": 77760.0
    },
    "pinch": {
      "precision": 0.5536185041159537,
      "recall": 0.6334481323964497,
      "f1-score": 0.5908490672818313,
      "support": 86528.0
    },
    "waveIn": {
      "precision": 0.6833699081949332,
      "recall": 0.6191630292833865,
      "f1-score": 0.6496839662238901,
      "support": 84997.0
    },
    "waveOut": {
      "precision": 0.640478092882239,
      "recall": 0.6486642279126482,
      "f1-score": 0.6445451691606131,
      "support": 90210.0
    },
    "accuracy": 0.6695599586653932,
    "macro avg": {
      "precision": 0.670215584250859,
      "recall": 0.6690816214913063,
      "f1-score": 0.668657046500158,
      "support": 510952.0
    },
    "weighted avg": {
      "precision": 0.6707232168913388,
      "recall": 0.6695599586653932,
      "f1-score": 0.6691369079257558,
      "support": 510952.0
    }
  },
  "test_samples": 510952,
  "total_time_s": 6385.3,
  "timestamp": "2026-02-23 16:57:43"
}