{
  "model": "xgboost",
  "test_accuracy": 0.6692781318010302,
  "classification_report": {
    "fist": {
      "precision": 0.665698363026593,
      "recall": 0.607057994247189,
      "f1-score": 0.6350272944590464,
      "support": 87957.0
    },
    "noGesture": {
      "precision": 0.955286408051021,
      "recall": 0.9776526946107784,
      "f1-score": 0.9663401497440147,
      "support": 83500.0
    },
    "open": {
      "precision": 0.5233332913481037,
      "recall": 0.5343235596707819,
      "f1-score": 0.5287713247599473,
      "support": 77760.0
    },
    "pinch": {
      "precision": 0.5507610640821989,
      "recall": 0.6331129807692307,
      "f1-score": 0.5890727657881437,
      "support": 86528.0
    },
    "waveIn": {
      "precision": 0.6849982460926842,
      "recall": 0.6203160111533348,
      "f1-score": 0.6510545292897363,
      "support": 84997.0
    },
    "waveOut": {
      "precision": 0.6470522479822933,
      "recall": 0.641658352732513,
      "f1-score": 0.6443440122893337,
      "support": 90210.0
    },
    "accuracy": 0.6692781318010302,
    "macro avg": {
      "precision": 0.671188270097149,
      "recall": 0.669020265530638,
      "f1-score": 0.6691016793883704,
      "support": 510952.0
    },
    "weighted avg": {
      "precision": 0.6718111980983458,
      "recall": 0.6692781318010302,
      "f1-score": 0.6695286443902169,
      "support": 510952.0
    }
  },
  "test_samples": 510952,
  "elapsed_s": 1.6,
  "timestamp": "2026-02-22 20:10:59"
}