{
  "model": "xgboost",
  "test_accuracy": 0.6763962172571983,
  "classification_report": {
    "fist": {
      "precision": 0.6718208776695158,
      "recall": 0.6130154507316075,
      "f1-score": 0.6410724370597153,
      "support": 87957.0
    },
    "noGesture": {
      "precision": 0.9611394076589322,
      "recall": 0.9762874251497006,
      "f1-score": 0.9686541980560375,
      "support": 83500.0
    },
    "open": {
      "precision": 0.5307829338858637,
      "recall": 0.5402777777777777,
      "f1-score": 0.5354882704208118,
      "support": 77760.0
    },
    "pinch": {
      "precision": 0.566190345052681,
      "recall": 0.641537999260355,
      "f1-score": 0.6015137806047537,
      "support": 86528.0
    },
    "waveIn": {
      "precision": 0.6878593765762131,
      "recall": 0.6417873572008423,
      "f1-score": 0.6640251733099616,
      "support": 84997.0
    },
    "waveOut": {
      "precision": 0.649966435444171,
      "recall": 0.6439862542955327,
      "f1-score": 0.6469625257531043,
      "support": 90210.0
    },
    "accuracy": 0.6763962172571983,
    "macro avg": {
      "precision": 0.6779598960478962,
      "recall": 0.6761487107359693,
      "f1-score": 0.6762860642007307,
      "support": 510952.0
    },
    "weighted avg": {
      "precision": 0.6785587377378867,
      "recall": 0.6763962172571983,
      "f1-score": 0.676696486762446,
      "support": 510952.0
    }
  },
  "test_samples": 510952,
  "elapsed_s": 1.9,
  "timestamp": "2026-02-22 18:57:28"
}